{
  "train_loss": [
    0.7067613672741033,
    0.5425015553763067,
    0.49543188022518597,
    0.4722604615337871,
    0.45941869714469824,
    0.447514112935298,
    0.438863564023955,
    0.4296131005200247,
    0.4221415034909215,
    0.4136835898410667,
    0.4067902026042618,
    0.40212473240508523,
    0.3956559273000393,
    0.38736318862410607,
    0.38105736681501623,
    0.3780723102218299,
    0.37265371355331606,
    0.3665823425442256,
    0.36499629435301933,
    0.3585748865648552,
    0.3541771053095107,
    0.3524432057618267,
    0.3500982467774992,
    0.3467858931981027,
    0.3434041040363135,
    0.340951765663232,
    0.3388524785189441,
    0.3378554033115506,
    0.33624673213947703,
    0.33373742469551937,
    0.33118947233176893,
    0.32975248237036997,
    0.3276157320511562,
    0.3257857588533726,
    0.32494043388093513,
    0.32467461962045896,
    0.32193872496416726,
    0.31974424994378176,
    0.3198897084566178,
    0.32062093913555145,
    0.3173378162361957,
    0.31491392271386254,
    0.31783999409526587,
    0.3132730549960225,
    0.2984567707645948,
    0.287449441358654,
    0.2844644751123808,
    0.28360247025611224,
    0.280433491062097,
    0.27914351253356373,
    0.2776055432493902,
    0.27673282258695475,
    0.26664554736473495,
    0.2582503583420206,
    0.2556416776841851,
    0.2553131900193101,
    0.25371227016741477,
    0.2513595275770597,
    0.2507182903829272,
    0.24969794821959954,
    0.24793180399056938,
    0.24749372384717894,
    0.2468573677232834,
    0.2423335883024804,
    0.236548928561172,
    0.2344923094604854,
    0.23445254476327035,
    0.2334440999612626,
    0.2327012514816252,
    0.232133213766954,
    0.22950133825307367,
    0.2263498358273258,
    0.22548050865427488,
    0.22520504315832146,
    0.2248126690586408,
    0.22408578881166047,
    0.22249326016753912,
    0.22105689771059486,
    0.22066124722672006
  ],
  "val_loss": [
    0.5538962396482626,
    0.4970676881019716,
    0.47519662272599006,
    0.45818661498250784,
    0.4469606607324547,
    0.44300125718668654,
    0.4281124139411582,
    0.4353904192922292,
    0.4216087101786225,
    0.4090134293116905,
    0.4073751946842229,
    0.40733686641410544,
    0.4084122986705215,
    0.39634079624105384,
    0.395135051674313,
    0.38181677391683616,
    0.37704900272742464,
    0.367551947357478,
    0.376144090667367,
    0.35977580101677664,
    0.3748185427652465,
    0.3659873820703339,
    0.3569289434149309,
    0.361949573788378,
    0.35602215877561655,
    0.3542873101929824,
    0.3518364879958056,
    0.354380792627732,
    0.356012398790982,
    0.3529015128259306,
    0.3546356117973725,
    0.350196142439489,
    0.35028647645204153,
    0.35214959968019416,
    0.36994824199764814,
    0.35369454158676994,
    0.3452709674559258,
    0.3426943836664712,
    0.35786850226146205,
    0.3576668073871621,
    0.3480884726676676,
    0.34952823969501035,
    0.35464412850086335,
    0.34995528414017624,
    0.33925434698661167,
    0.3329406604860668,
    0.33674880117177963,
    0.3360762934165972,
    0.33849233402698126,
    0.3334698967497658,
    0.3384126895279796,
    0.33382308055405263,
    0.33290126974935885,
    0.3313494354348492,
    0.33203838144739467,
    0.3331093398371228,
    0.330188969426133,
    0.330827235761616,
    0.33191839902213327,
    0.3317968661862391,
    0.33356054016837366,
    0.3321375820647787,
    0.3323519547918328,
    0.3298679899286341,
    0.3307601760520979,
    0.3314801477999599,
    0.33221818651590085,
    0.3311483513701845,
    0.3317844976015665,
    0.3328404770129257,
    0.33174071702416297,
    0.33209901413431875,
    0.33262858622603947,
    0.333098745111514,
    0.33297367338781003,
    0.3333017258318486,
    0.33329649586920385,
    0.3336267376801482,
    0.33361378822613647
  ]
}