{
  "train_loss": [
    2.603158880163122,
    2.5287726720174155,
    1.9958278603023953,
    1.6272999533900507,
    1.4391539714954518,
    1.3439226238815873,
    1.3189830338513409,
    1.3552787215621382,
    1.2850186030069988,
    1.18691556542008,
    1.1401331733774256,
    1.1148690470942744,
    1.1026006009843614,
    1.0824427781281647,
    1.071076132633068,
    1.0585493622002777,
    1.048820354320385,
    1.0374959928018075,
    1.0307365346837927,
    1.0196884870529175,
    1.0208688267955073,
    1.0290154306976884,
    1.0662306591316506,
    1.0387353080290336,
    1.018449518415663,
    0.9793950915336609,
    0.951245508812092,
    0.9346390278251083,
    0.9213542894080833,
    0.9032707037749114,
    0.8949016332626343,
    0.8814187226472078,
    0.8754178992024174,
    0.870206665109705,
    0.8577768957173383,
    0.8483986589643691,
    0.843077215883467,
    0.8311492315045109,
    0.8392289523725156,
    0.919207630334077,
    0.9186626054622509,
    0.9532387698138202,
    0.9622692245024221,
    0.8870625120622141,
    0.8304647648776019,
    0.7992223744039182,
    0.7834994704635055,
    0.7737056988256948,
    0.7667303107402943,
    0.7587322173295198,
    0.7576050007784808,
    0.754449623602408,
    0.7525597854896828,
    0.7468827300601535,
    0.7443957770312274,
    0.7417407963011,
    0.7397052182091607,
    0.7353820094355831,
    0.7355641678527549,
    0.7267507491288362,
    0.7222754270942123,
    0.7189797891510857,
    0.7174381922792505,
    0.7144018279181586,
    0.71372890913928,
    0.7109664722725197,
    0.7090788726453428,
    0.708113001452552
  ],
  "val_loss": [
    2.0578945875167847,
    1.9412065921006378,
    1.6114605356145788,
    1.4548124030784324,
    1.3681764823419076,
    1.326625488422535,
    1.2888628111945257,
    1.34077904842518,
    1.2746066428996898,
    1.238148287490562,
    1.2172318785278886,
    1.1993825965457492,
    1.1945138419115986,
    1.1842604698958221,
    1.1782343873271235,
    1.1792779895994399,
    1.1723991411703605,
    1.1705024948826543,
    1.1655344212496723,
    1.157025725753219,
    1.1679613987604778,
    1.2018131150139704,
    1.1738174668064825,
    1.180100917816162,
    1.1683892099945634,
    1.1435773284346968,
    1.1402343379126654,
    1.1385713285870023,
    1.1238325790122703,
    1.1305808182115908,
    1.1222867259272822,
    1.1205052269829645,
    1.1229299306869507,
    1.122244503762987,
    1.1183897654215496,
    1.1158876838507477,
    1.1151053287364818,
    1.111948428330598,
    1.142091691493988,
    1.126724534564548,
    1.168670376141866,
    1.1671798361672296,
    1.1443992014284488,
    1.128502779536777,
    1.1022622342462893,
    1.0950194508941085,
    1.0920384526252747,
    1.0945082615922999,
    1.0916511085298326,
    1.093189820095345,
    1.090632630719079,
    1.091812915272183,
    1.0890704128477309,
    1.0930646459261577,
    1.0921303387041446,
    1.0942635116753754,
    1.0904809722193964,
    1.0918847234160811,
    1.0954690818433408,
    1.0969271924760606,
    1.0955820326451902,
    1.0961002884087738,
    1.0958178175820246,
    1.09513364677076,
    1.0972585126205727,
    1.0949561993281047,
    1.0950538670575176,
    1.0953330309302718
  ],
  "val_dice": [
    0.012486747233197093,
    0.03088171686977148,
    0.059251406230032444,
    0.06607385538518429,
    0.07912595756351948,
    0.08861544914543629,
    0.1031738929450512,
    0.09460916742682457,
    0.11288999021053314,
    0.1250578537583351,
    0.13110224716365337,
    0.13986827991902828,
    0.14157133363187313,
    0.1468350663781166,
    0.15102346614003181,
    0.15155643597245216,
    0.1580437831580639,
    0.15963256731629372,
    0.16782323271036148,
    0.1695959698408842,
    0.16899149492383003,
    0.16246549785137177,
    0.16724027320742607,
    0.16670241951942444,
    0.1710708551108837,
    0.19759755954146385,
    0.19461116567254066,
    0.19546666368842125,
    0.2109537161886692,
    0.2016669511795044,
    0.2145501971244812,
    0.21060968562960625,
    0.2140226624906063,
    0.21833959594368935,
    0.22525553032755852,
    0.22645144164562225,
    0.227075956761837,
    0.23567210137844086,
    0.2264038361608982,
    0.23883123323321342,
    0.21016521006822586,
    0.19925985485315323,
    0.21818982064723969,
    0.22366033121943474,
    0.23840051144361496,
    0.24549400061368942,
    0.24919478967785835,
    0.2520454451441765,
    0.25184301286935806,
    0.2506263703107834,
    0.25085366517305374,
    0.25313303247094154,
    0.2561923377215862,
    0.2567177787423134,
    0.2538997270166874,
    0.2552124410867691,
    0.25800371915102005,
    0.2598721757531166,
    0.25652192905545235,
    0.26638977974653244,
    0.26681289076805115,
    0.268059603869915,
    0.26795124635100365,
    0.26848945021629333,
    0.2695494219660759,
    0.2696061432361603,
    0.2706063687801361,
    0.27060507237911224
  ]
}