{
  "train_loss": [
    1.2513564004114381,
    0.9636785521827362,
    0.8859898705311395,
    0.8465126108516146,
    0.8157173387568306,
    0.7931305342526348,
    0.7649810986110458,
    0.7455441674424542,
    0.7448296204416288,
    0.7141011925759139,
    0.6910681889771864,
    0.6871228987282073,
    0.6726649076574378,
    0.6634469125419855,
    0.652965697011462,
    0.6463803158452114,
    0.6399470411448015,
    0.6310664773056353,
    0.6232488674836026,
    0.6266267223076688,
    0.6094100274904458,
    0.6114645687587283,
    0.6019758213380421,
    0.5939016550503395,
    0.5934944425675052,
    0.5964703657491891,
    0.5788760275959417,
    0.5719572322926035,
    0.5769766409088064,
    0.570240398592971,
    0.5646076189630009,
    0.5636488803213945,
    0.5590325505300252,
    0.5597998585931405,
    0.5528319725007923,
    0.5505253036196033,
    0.51291163948675,
    0.4811679609119892,
    0.4716354737713657,
    0.47175441758224257,
    0.47747471147320336,
    0.4728428747470456,
    0.46880860223124426,
    0.4441987488211857,
    0.4215064810037061,
    0.41168974010549764,
    0.40954254707321525,
    0.4095535837631259,
    0.4073557136925282,
    0.39343387592169976,
    0.3790478228798343,
    0.3730367850167332
  ],
  "val_loss": [
    1.013975680426315,
    0.9537005565232701,
    0.849536207952985,
    0.8308286603402208,
    0.8694516254795922,
    0.814857509677057,
    0.7926155124549512,
    0.8194395736963661,
    0.7824761606752872,
    0.7433946701111617,
    0.722158101145868,
    0.7498335120854555,
    0.7472086932372164,
    0.7364465442520601,
    0.7228928504994622,
    0.7005482532635883,
    0.7707673872786539,
    0.6922569626735317,
    0.7791307474727984,
    0.7274872228779174,
    0.6945408145310702,
    0.7028261271339876,
    0.6911403176685175,
    0.7009604994069647,
    0.6838653515334483,
    0.6852943175644787,
    0.6911836800475916,
    0.6734838696817557,
    0.6855368289958548,
    0.6655718714550689,
    0.6750422154587729,
    0.6765836046801673,
    0.6815828769295303,
    0.6744963060374614,
    0.6680589594222881,
    0.6817796295163808,
    0.6452585569134465,
    0.67326694616565,
    0.68442166927788,
    0.686392520174936,
    0.6698576060158236,
    0.6861972152083008,
    0.6859470323004104,
    0.6822379105896862,
    0.7154441721461438,
    0.7381803560312148,
    0.7542861050201787,
    0.7454923185761329,
    0.7620784474053869,
    0.7589578011797534,
    0.8094203721869875,
    0.8281840632359186
  ],
  "val_dice": [
    0.17988317778595703,
    0.22138865594370952,
    0.3035351143544323,
    0.29549413202690694,
    0.25342407719764526,
    0.30310522548012836,
    0.3331336733608094,
    0.3048891889446466,
    0.3335753142262345,
    0.3639592713485522,
    0.3894520435840861,
    0.3626578293867669,
    0.3613397180769969,
    0.36808011815691655,
    0.40440191253214725,
    0.4233287916058091,
    0.3438762837792216,
    0.4279820956276179,
    0.3360644671718041,
    0.3959667649392841,
    0.4474692134774875,
    0.42386899003056056,
    0.44470047297730053,
    0.42658318121251687,
    0.4425986975145086,
    0.43742962564445204,
    0.44460003208695964,
    0.4577316549619371,
    0.4362672541890408,
    0.4714129693129052,
    0.4701541968254635,
    0.4576635598286766,
    0.44980185611725865,
    0.45457273926699604,
    0.4700342385165554,
    0.4521421333511726,
    0.4978964802147769,
    0.5033543945406378,
    0.49630723779529184,
    0.4983001667225582,
    0.5058427636627854,
    0.4967399546958286,
    0.5097798171569408,
    0.5104750117575736,
    0.530080968729219,
    0.5303423362003488,
    0.5350965017672545,
    0.5280940549150441,
    0.5351347822984667,
    0.5366561083480771,
    0.5479609652469611,
    0.5474616409257662
  ]
}